"","ME","RMSE","MAE","MPE","MAPE"
"Test set",0.745394079793371,105.087115590641,87.0473957404902,-31.6206824499938,71.5735960578733
