"","ME","RMSE","MAE","MPE","MAPE"
"Test set",1.41420412931644,77.2246088868458,62.0767791867374,NA,Inf
